{"meta": {"format": 3, "version": "7.13.4", "timestamp": "2026-06-17T19:47:59.557390", "branch_coverage": true, "show_contexts": false}, "files": {"hotel_analytics_engine.py": {"executed_lines": [1, 3, 4, 5, 6, 7, 8, 11, 12, 13, 14, 15, 16, 19, 20, 21, 22, 23, 24, 25, 26, 27, 28, 31, 32, 33, 34, 35, 36, 39, 40, 41, 42, 43, 44, 50, 51, 54, 62, 74, 78, 79, 80, 82, 84, 85, 86, 87, 88, 89, 90, 91, 93, 94, 96, 97, 111, 112, 122, 124, 126, 127, 137, 139, 140, 150, 152, 153, 163, 165, 167, 168, 180, 182, 183, 196, 197, 199, 202, 207, 210, 211, 212, 214, 215, 216, 217, 219, 223, 224, 225, 226, 227, 229, 230, 231, 232, 233, 234, 239, 250, 253, 256, 264, 266, 275, 278, 288, 289, 290, 291, 292, 306, 309, 317, 318, 319, 320, 323, 326, 327, 330, 337, 340, 341, 342, 343, 346], "summary": {"covered_lines": 128, "num_statements": 133, "percent_covered": 95.75757575757575, "percent_covered_display": "95.76", "missing_lines": 5, "excluded_lines": 0, "percent_statements_covered": 96.2406015037594, "percent_statements_covered_display": "96.24", "num_branches": 32, "num_partial_branches": 2, "covered_branches": 30, "missing_branches": 2, "percent_branches_covered": 93.75, "percent_branches_covered_display": "93.75"}, "missing_lines": [98, 99, 109, 208, 347], "excluded_lines": [], "executed_branches": [[43, 44], [43, 51], [86, 87], [86, 196], [93, 94], [93, 96], [111, 112], [111, 124], [126, 127], [126, 139], [139, 140], [139, 152], [152, 153], [152, 165], [167, 168], [167, 182], [207, 210], [215, 216], [215, 219], [216, 215], [216, 217], [223, 224], [223, 229], [224, 225], [224, 226], [230, 231], [230, 250], [291, -275], [291, 292], [346, -1]], "missing_branches": [[207, 208], [346, 347]], "functions": {"_is_valid_date": {"executed_lines": [32, 33, 34, 35, 36], "summary": {"covered_lines": 5, "num_statements": 5, "percent_covered": 100.0, "percent_covered_display": "100.00", "missing_lines": 0, "excluded_lines": 0, "percent_statements_covered": 100.0, "percent_statements_covered_display": "100.00", "num_branches": 0, "num_partial_branches": 0, "covered_branches": 0, "missing_branches": 0, "percent_branches_covered": 100.0, "percent_branches_covered_display": "100.00"}, "missing_lines": [], "excluded_lines": [], "start_line": 31, "executed_branches": [], "missing_branches": []}, "load_rooms": {"executed_lines": [40, 41, 42, 43, 44, 50, 51], "summary": {"covered_lines": 7, "num_statements": 7, "percent_covered": 100.0, "percent_covered_display": "100.00", "missing_lines": 0, "excluded_lines": 0, "percent_statements_covered": 100.0, "percent_statements_covered_display": "100.00", "num_branches": 2, "num_partial_branches": 0, "covered_branches": 2, "missing_branches": 0, "percent_branches_covered": 100.0, "percent_branches_covered_display": "100.00"}, "missing_lines": [], "excluded_lines": [], "start_line": 39, "executed_branches": [[43, 44], [43, 51]], "missing_branches": []}, "_reject": {"executed_lines": [62], "summary": {"covered_lines": 1, "num_statements": 1, "percent_covered": 100.0, "percent_covered_display": "100.00", "missing_lines": 0, "excluded_lines": 0, "percent_statements_covered": 100.0, "percent_statements_covered_display": "100.00", "num_branches": 0, "num_partial_branches": 0, "covered_branches": 0, "missing_branches": 0, "percent_branches_covered": 100.0, "percent_branches_covered_display": "100.00"}, "missing_lines": [], "excluded_lines": [], "start_line": 54, "executed_branches": [], "missing_branches": []}, "process_bookings": {"executed_lines": [78, 79, 80, 82, 84, 85, 86, 87, 88, 89, 90, 91, 93, 94, 96, 97, 111, 112, 122, 124, 126, 127, 137, 139, 140, 150, 152, 153, 163, 165, 167, 168, 180, 182, 183, 196, 197, 199], "summary": {"covered_lines": 38, "num_statements": 41, "percent_covered": 94.54545454545455, "percent_covered_display": "94.55", "missing_lines": 3, "excluded_lines": 0, "percent_statements_covered": 92.6829268292683, "percent_statements_covered_display": "92.68", "num_branches": 14, "num_partial_branches": 0, "covered_branches": 14, "missing_branches": 0, "percent_branches_covered": 100.0, "percent_branches_covered_display": "100.00"}, "missing_lines": [98, 99, 109], "excluded_lines": [], "start_line": 74, "executed_branches": [[86, 87], [86, 196], [93, 94], [93, 96], [111, 112], [111, 124], [126, 127], [126, 139], [139, 140], [139, 152], [152, 153], [152, 165], [167, 168], [167, 182]], "missing_branches": []}, "_build_occupancy_summary": {"executed_lines": [207, 210, 211, 212, 214, 215, 216, 217, 219, 223, 224, 225, 226, 227, 229, 230, 231, 232, 233, 234, 239, 250], "summary": {"covered_lines": 22, "num_statements": 23, "percent_covered": 94.28571428571429, "percent_covered_display": "94.29", "missing_lines": 1, "excluded_lines": 0, "percent_statements_covered": 95.65217391304348, "percent_statements_covered_display": "95.65", "num_branches": 12, "num_partial_branches": 1, "covered_branches": 11, "missing_branches": 1, "percent_branches_covered": 91.66666666666667, "percent_branches_covered_display": "91.67"}, "missing_lines": [208], "excluded_lines": [], "start_line": 202, "executed_branches": [[207, 210], [215, 216], [215, 219], [216, 215], [216, 217], [223, 224], [223, 229], [224, 225], [224, 226], [230, 231], [230, 250]], "missing_branches": [[207, 208]]}, "_build_cancellation_analysis": {"executed_lines": [256, 264, 266], "summary": {"covered_lines": 3, "num_statements": 3, "percent_covered": 100.0, "percent_covered_display": "100.00", "missing_lines": 0, "excluded_lines": 0, "percent_statements_covered": 100.0, "percent_statements_covered_display": "100.00", "num_branches": 0, "num_partial_branches": 0, "covered_branches": 0, "missing_branches": 0, "percent_branches_covered": 100.0, "percent_branches_covered_display": "100.00"}, "missing_lines": [], "excluded_lines": [], "start_line": 253, "executed_branches": [], "missing_branches": []}, "write_booking_revenue_report": {"executed_lines": [278, 288, 289, 290, 291, 292], "summary": {"covered_lines": 6, "num_statements": 6, "percent_covered": 100.0, "percent_covered_display": "100.00", "missing_lines": 0, "excluded_lines": 0, "percent_statements_covered": 100.0, "percent_statements_covered_display": "100.00", "num_branches": 2, "num_partial_branches": 0, "covered_branches": 2, "missing_branches": 0, "percent_branches_covered": 100.0, "percent_branches_covered_display": "100.00"}, "missing_lines": [], "excluded_lines": [], "start_line": 275, "executed_branches": [[291, -275], [291, 292]], "missing_branches": []}, "write_room_occupancy_summary": {"executed_lines": [309, 317, 318, 319, 320], "summary": {"covered_lines": 5, "num_statements": 5, "percent_covered": 100.0, "percent_covered_display": "100.00", "missing_lines": 0, "excluded_lines": 0, "percent_statements_covered": 100.0, "percent_statements_covered_display": "100.00", "num_branches": 0, "num_partial_branches": 0, "covered_branches": 0, "missing_branches": 0, "percent_branches_covered": 100.0, "percent_branches_covered_display": "100.00"}, "missing_lines": [], "excluded_lines": [], "start_line": 306, "executed_branches": [], "missing_branches": []}, "write_cancellation_analysis": {"executed_lines": [326, 327], "summary": {"covered_lines": 2, "num_statements": 2, "percent_covered": 100.0, "percent_covered_display": "100.00", "missing_lines": 0, "excluded_lines": 0, "percent_statements_covered": 100.0, "percent_statements_covered_display": "100.00", "num_branches": 0, "num_partial_branches": 0, "covered_branches": 0, "missing_branches": 0, "percent_branches_covered": 100.0, "percent_branches_covered_display": "100.00"}, "missing_lines": [], "excluded_lines": [], "start_line": 323, "executed_branches": [], "missing_branches": []}, "run_engine": {"executed_lines": [337, 340, 341, 342, 343], "summary": {"covered_lines": 5, "num_statements": 5, "percent_covered": 100.0, "percent_covered_display": "100.00", "missing_lines": 0, "excluded_lines": 0, "percent_statements_covered": 100.0, "percent_statements_covered_display": "100.00",